{
  "config": "{\"version\":\"5.51\",\"themeCollection\":{\"baseTheme\":{\"name\":\"CY24SU02\",\"version\":\"5.51\",\"type\":2}},\"activeSectionIndex\":0,\"defaultDrillFilterOtherVisuals\":true,\"linguisticSchemaSyncVersion\":2,\"settings\":{\"useNewFilterPaneExperience\":true,\"allowChangeFilterTypes\":true,\"useStylableVisualContainerHeader\":true,\"queryLimitOption\":6,\"exportDataMode\":1,\"useDefaultAggregateDisplayName\":true},\"objects\":{\"section\":[{\"properties\":{\"verticalAlignment\":{\"expr\":{\"Literal\":{\"Value\":\"'Top'\"}}}}}]}}",
  "layoutOptimization": 0,
  "resourcePackages": [
    {
      "resourcePackage": {
        "disabled": false,
        "items": [
          {
            "name": "CY24SU02",
            "path": "BaseThemes/CY24SU02.json",
            "type": 202
          }
        ],
        "name": "SharedResources",
        "type": 2
      }
    }
  ],
  "sections": [
    {
      "config": "{}",
      "displayName": "Page 1",
      "displayOption": 1,
      "filters": "[]",
      "height": 720.00,
      "name": "ReportSection",
      "visualContainers": [
        {
          "config": "{\"name\":\"82c718d2954a1780ec00\",\"layouts\":[{\"id\":0,\"position\":{\"x\":608,\"y\":224,\"z\":2000,\"width\":288,\"height\":240,\"tabOrder\":2000}}],\"singleVisual\":{\"visualType\":\"tableEx\",\"projections\":{\"Values\":[{\"queryRef\":\"Sum(Blad1.Alfa)\"},{\"queryRef\":\"Sum(Blad1.Beta)\"},{\"queryRef\":\"Blad1.Gamma\"}]},\"prototypeQuery\":{\"Version\":2,\"From\":[{\"Name\":\"b\",\"Entity\":\"Blad1\",\"Type\":0}],\"Select\":[{\"Column\":{\"Expression\":{\"SourceRef\":{\"Source\":\"b\"}},\"Property\":\"Alfa\"},\"Name\":\"Sum(Blad1.Alfa)\",\"NativeReferenceName\":\"Alfa\"},{\"Column\":{\"Expression\":{\"SourceRef\":{\"Source\":\"b\"}},\"Property\":\"Beta\"},\"Name\":\"Sum(Blad1.Beta)\",\"NativeReferenceName\":\"Beta\"},{\"Column\":{\"Expression\":{\"SourceRef\":{\"Source\":\"b\"}},\"Property\":\"Gamma\"},\"Name\":\"Blad1.Gamma\",\"NativeReferenceName\":\"Gamma\"}],\"OrderBy\":[{\"Direction\":2,\"Expression\":{\"Aggregation\":{\"Expression\":{\"Column\":{\"Expression\":{\"SourceRef\":{\"Source\":\"b\"}},\"Property\":\"Alfa\"}},\"Function\":0}}}]},\"drillFilterOtherVisuals\":true}}",
          "filters": "[]",
          "height": 240.00,
          "width": 288.00,
          "x": 608.00,
          "y": 224.00,
          "z": 2000.00
        },
        {
          "config": "{\"name\":\"8f11338cb05688b9caba\",\"layouts\":[{\"id\":0,\"position\":{\"x\":480,\"y\":32,\"z\":0,\"width\":496,\"height\":64,\"tabOrder\":0}}],\"singleVisual\":{\"visualType\":\"textbox\",\"drillFilterOtherVisuals\":true,\"objects\":{\"general\":[{\"properties\":{\"paragraphs\":[{\"textRuns\":[{\"value\":\"Version control BIS\",\"textStyle\":{\"fontWeight\":\"bold\",\"fontSize\":\"32pt\",\"color\":\"#d64550\"}}]}]}}]}}}",
          "filters": "[]",
          "height": 64.00,
          "width": 496.00,
          "x": 480.00,
          "y": 32.00,
          "z": 0.00
        },
        {
          "config": "{\"name\":\"bac263105e00d35be145\",\"layouts\":[{\"id\":0,\"position\":{\"x\":128,\"y\":192,\"z\":1000,\"width\":288,\"height\":288,\"tabOrder\":1000}}],\"singleVisual\":{\"visualType\":\"clusteredBarChart\",\"projections\":{\"Y\":[{\"queryRef\":\"Sum(Blad1.Beta)\"}],\"Category\":[{\"queryRef\":\"Blad1.Gamma\",\"active\":true}]},\"prototypeQuery\":{\"Version\":2,\"From\":[{\"Name\":\"b\",\"Entity\":\"Blad1\",\"Type\":0}],\"Select\":[{\"Aggregation\":{\"Expression\":{\"Column\":{\"Expression\":{\"SourceRef\":{\"Source\":\"b\"}},\"Property\":\"Beta\"}},\"Function\":0},\"Name\":\"Sum(Blad1.Beta)\",\"NativeReferenceName\":\"Sum of Beta\"},{\"Column\":{\"Expression\":{\"SourceRef\":{\"Source\":\"b\"}},\"Property\":\"Gamma\"},\"Name\":\"Blad1.Gamma\",\"NativeReferenceName\":\"Gamma\"}],\"OrderBy\":[{\"Direction\":2,\"Expression\":{\"Aggregation\":{\"Expression\":{\"Column\":{\"Expression\":{\"SourceRef\":{\"Source\":\"b\"}},\"Property\":\"Beta\"}},\"Function\":0}}}]},\"drillFilterOtherVisuals\":true,\"hasDefaultSort\":true}}",
          "filters": "[]",
          "height": 288.00,
          "width": 288.00,
          "x": 128.00,
          "y": 192.00,
          "z": 1000.00
        }
      ],
      "width": 1280.00
    }
  ]
}